epoch,f1-score,iou_score,loss,val_f1-score,val_iou_score,val_loss
0,0.5514826774597168,0.4313506782054901,0.4487232565879822,0.5756609439849854,0.461102694272995,0.42537984251976013
1,0.6729164123535156,0.5479589700698853,0.3271813690662384,0.6939314007759094,0.5851613879203796,0.3069174885749817
2,0.6888396739959717,0.5619615912437439,0.31127652525901794,0.7003910541534424,0.5835950970649719,0.3001556396484375
3,0.6915479302406311,0.5672008395195007,0.308006227016449,0.529688835144043,0.4091188609600067,0.47074732184410095
4,0.7049703598022461,0.5805233120918274,0.2950962781906128,0.6351990103721619,0.5235793590545654,0.3657837510108948
5,0.6900952458381653,0.569758951663971,0.30968770384788513,0.6758512258529663,0.5681340098381042,0.325236052274704
6,0.6968639492988586,0.5746973156929016,0.3031427562236786,0.658862292766571,0.547258198261261,0.34221139550209045
7,0.7049345970153809,0.5802702307701111,0.29523396492004395,0.7131493091583252,0.6081548929214478,0.28781214356422424
8,0.7019338011741638,0.581510603427887,0.29777637124061584,0.6269614696502686,0.5169301629066467,0.37422898411750793
9,0.6976521611213684,0.5756005644798279,0.30185818672180176,0.6969043016433716,0.5731723308563232,0.30343011021614075
10,0.7134218811988831,0.5907174944877625,0.2865929901599884,0.7259625792503357,0.6131793856620789,0.2747146785259247
11,0.715114176273346,0.5976658463478088,0.28448155522346497,0.7167693376541138,0.6109523773193359,0.2841123342514038
12,0.7183529138565063,0.5991528630256653,0.2817831337451935,0.7003524303436279,0.5948588252067566,0.30070289969444275
13,0.7112525701522827,0.5915003418922424,0.28862181305885315,0.5570101141929626,0.4424557387828827,0.44380587339401245
14,0.7257691025733948,0.6057971119880676,0.27404335141181946,0.5680021643638611,0.4519500136375427,0.432624489068985
15,0.7133357524871826,0.5939152836799622,0.2862902283668518,0.7063164114952087,0.6014002561569214,0.29461121559143066
16,0.7075330018997192,0.5892501473426819,0.29213276505470276,0.6165630221366882,0.5016694068908691,0.38448265194892883
17,0.7109096050262451,0.5934019088745117,0.28921645879745483,0.7222533226013184,0.608894944190979,0.2783834934234619
18,0.7101199626922607,0.5873459577560425,0.2900015115737915,0.7307913303375244,0.6251132488250732,0.2700681686401367
19,0.7187861204147339,0.6008793115615845,0.2812992334365845,0.7017983794212341,0.5985051989555359,0.29922494292259216
20,0.6992751359939575,0.5790449380874634,0.3007076680660248,0.7163819074630737,0.6103953123092651,0.2845954895019531
21,0.7231245636940002,0.6021706461906433,0.2769821882247925,0.6684208512306213,0.5561433434486389,0.3322611153125763
22,0.714381992816925,0.5949559807777405,0.28572964668273926,0.7274563312530518,0.6189644932746887,0.27326124906539917
23,0.7265525460243225,0.6101564168930054,0.2736031115055084,0.7460550665855408,0.6394132971763611,0.2546367347240448
24,0.7204617857933044,0.6039258241653442,0.2796492278575897,0.7223637700080872,0.6165032386779785,0.27852174639701843
25,0.7233605980873108,0.6041823625564575,0.27612727880477905,0.6558634042739868,0.5433379411697388,0.3447698950767517
26,0.7233018279075623,0.60573810338974,0.2767969071865082,0.7369844913482666,0.6321471929550171,0.26395419239997864
27,0.7382382154464722,0.619172215461731,0.26123887300491333,0.7440381646156311,0.6372397541999817,0.256670743227005
28,0.7214203476905823,0.6016851663589478,0.2785792946815491,0.7458004355430603,0.6392644047737122,0.2548949420452118
29,0.7137103080749512,0.5959693193435669,0.28604426980018616,0.7325600385665894,0.6288333535194397,0.2682821750640869
30,0.7235352993011475,0.6070711612701416,0.2764497697353363,0.7092812061309814,0.6046056747436523,0.2915917932987213
31,0.7167788147926331,0.594499409198761,0.28317078948020935,0.6074654459953308,0.4861443340778351,0.39310169219970703
32,0.7387903928756714,0.6206333041191101,0.26110634207725525,0.7524876594543457,0.6491472721099854,0.2483065277338028
33,0.7277494668960571,0.6100209951400757,0.27225416898727417,0.7282728552818298,0.6214615702629089,0.27272260189056396
34,0.7339782118797302,0.6162424087524414,0.2657849192619324,0.6387441754341125,0.5223015546798706,0.3619579076766968
35,0.7263355255126953,0.6093566417694092,0.2734389901161194,0.7011968493461609,0.5937372446060181,0.29973146319389343
36,0.7364875674247742,0.6217500567436218,0.2633925676345825,0.6923028230667114,0.5864874720573425,0.3086012005805969
37,0.7333438396453857,0.6161991953849792,0.2667306065559387,0.7479918003082275,0.6439856290817261,0.25274956226348877
38,0.7277252078056335,0.610990047454834,0.27234092354774475,0.735027551651001,0.6311783194541931,0.26585784554481506
39,0.7330527305603027,0.6158397197723389,0.2668088674545288,0.7204978466033936,0.6152266263961792,0.2804276943206787
40,0.7336559295654297,0.6144077777862549,0.2663692235946655,0.6659154891967773,0.5535596013069153,0.33499908447265625
41,0.7258428335189819,0.6109347343444824,0.2741600275039673,0.7330018877983093,0.6303853988647461,0.26783397793769836
42,0.7416248917579651,0.6258882880210876,0.25843700766563416,0.7359351515769958,0.6336201429367065,0.26501190662384033
43,0.7355970144271851,0.6193174123764038,0.26408329606056213,0.6952276229858398,0.5899544358253479,0.30565744638442993
44,0.728812575340271,0.6149982213973999,0.27110153436660767,0.7292331457138062,0.6253145337104797,0.27173107862472534
45,0.729925274848938,0.6142119765281677,0.27007853984832764,0.7518745064735413,0.644201397895813,0.24879592657089233
46,0.7207190990447998,0.6037606596946716,0.27877047657966614,0.738539457321167,0.6357660889625549,0.2623448371887207
47,0.7405001521110535,0.6250358819961548,0.25957009196281433,0.743805468082428,0.6418790817260742,0.2570130228996277
48,0.7428963780403137,0.6269360184669495,0.2571706473827362,0.734417200088501,0.6205409169197083,0.266101598739624
49,0.7417730689048767,0.6261575222015381,0.2582775950431824,0.7494294047355652,0.6419627666473389,0.251249223947525
50,0.7475032210350037,0.6300162076950073,0.25231295824050903,0.7273796200752258,0.6219997406005859,0.27352601289749146
51,0.737336277961731,0.6215335130691528,0.2628103792667389,0.7565442323684692,0.6512268781661987,0.24409079551696777
52,0.736456573009491,0.621095597743988,0.2634718418121338,0.7413594722747803,0.6380080580711365,0.25936469435691833
53,0.7326281666755676,0.6160795092582703,0.26685279607772827,0.7463357448577881,0.6448624134063721,0.2545395493507385
54,0.732330858707428,0.6161056756973267,0.26776841282844543,0.7549962401390076,0.6529864072799683,0.24584521353244781
55,0.7436589598655701,0.6289045214653015,0.2564728558063507,0.7088360786437988,0.5998675227165222,0.292084664106369
56,0.7393757104873657,0.6222699284553528,0.26069021224975586,0.733484148979187,0.6298123598098755,0.2674136161804199
57,0.7247105240821838,0.6098268628120422,0.2753438949584961,0.6685848832130432,0.5658129453659058,0.33231329917907715
58,0.7099385261535645,0.5919718146324158,0.2901042699813843,0.7195672988891602,0.6150287389755249,0.2813602387905121
59,0.730982780456543,0.6168911457061768,0.2691843807697296,0.7360228300094604,0.6325523257255554,0.2647396922111511
60,0.7386894226074219,0.6234695911407471,0.2614666521549225,0.7170661091804504,0.6105716824531555,0.28369027376174927
61,0.732348620891571,0.6181312799453735,0.2676953971385956,0.7318882942199707,0.6280549168586731,0.26899823546409607
62,0.7217921614646912,0.6093916893005371,0.27769678831100464,0.7284027338027954,0.6222418546676636,0.2724805772304535
63,0.7466945052146912,0.6340306401252747,0.2533400058746338,0.741196870803833,0.6386280655860901,0.2597295939922333
64,0.738359272480011,0.619604766368866,0.26159048080444336,0.7378510236740112,0.6334167122840881,0.262937992811203
65,0.7411192655563354,0.6245912313461304,0.25903046131134033,0.7465062737464905,0.640181303024292,0.2542496919631958
66,0.7282320261001587,0.6146242618560791,0.2719602882862091,0.7643382549285889,0.6619670391082764,0.23638585209846497
67,0.7500680088996887,0.6350806355476379,0.2499382048845291,0.756350040435791,0.6521449089050293,0.24444639682769775
68,0.7587032914161682,0.6475659012794495,0.2414114624261856,0.7588122487068176,0.656135618686676,0.24200783669948578
69,0.7372909784317017,0.6198764443397522,0.26285889744758606,0.7341151833534241,0.6305477619171143,0.26674699783325195
70,0.7421812415122986,0.6280248761177063,0.2579432427883148,0.7594689130783081,0.6521530747413635,0.2412971556186676
71,0.7373736500740051,0.621908962726593,0.2627212405204773,0.7333297729492188,0.6288273334503174,0.2675933241844177
72,0.7399481534957886,0.6225716471672058,0.2600992023944855,0.7301868796348572,0.6245442628860474,0.27078425884246826
73,0.7408139705657959,0.6280507445335388,0.2592575252056122,0.683772623538971,0.5710141062736511,0.3167897164821625
74,0.7110391855239868,0.5941002368927002,0.2889094054698944,0.6865541934967041,0.5803418755531311,0.3144727647304535
75,0.7198272347450256,0.6000373363494873,0.2802107334136963,0.7399120926856995,0.6338207721710205,0.2608485221862793
76,0.7099182605743408,0.5901314616203308,0.29004523158073425,0.7067782282829285,0.6020376682281494,0.2942178249359131
77,0.7306373119354248,0.6133530735969543,0.2689969539642334,0.7490338087081909,0.6468488574028015,0.2517445981502533
78,0.7382931113243103,0.6217419505119324,0.2617104947566986,0.6982881426811218,0.5891187191009521,0.30263760685920715
79,0.7457616329193115,0.6331659555435181,0.25371015071868896,0.7570337653160095,0.6522207260131836,0.2436126321554184
80,0.7297452092170715,0.6171224117279053,0.27044615149497986,0.7314126491546631,0.626804530620575,0.2695457339286804
81,0.7092602849006653,0.5943852066993713,0.2906543016433716,0.7566642165184021,0.6493524312973022,0.2439022809267044
82,0.7341759204864502,0.6150393486022949,0.2657674252986908,0.7290366888046265,0.6234652996063232,0.2717868685722351
83,0.7384108901023865,0.626362681388855,0.26123759150505066,0.7132658362388611,0.603491485118866,0.2876095473766327
84,0.7503641247749329,0.6356475353240967,0.24979181587696075,0.6816089153289795,0.5668782591819763,0.31934207677841187
85,0.7458186149597168,0.6313794255256653,0.2543320655822754,0.7612902522087097,0.6557583808898926,0.239297553896904
86,0.7536917924880981,0.6386632323265076,0.24635721743106842,0.5673514008522034,0.44799232482910156,0.43299901485443115
87,0.723443865776062,0.6100385189056396,0.27668261528015137,0.7475468516349792,0.643745481967926,0.2533408999443054
88,0.7397153377532959,0.6239961385726929,0.2603985369205475,0.740837037563324,0.6367864608764648,0.26007968187332153
89,0.7406032681465149,0.6246294379234314,0.25955551862716675,0.7389278411865234,0.635834813117981,0.2618156969547272
90,0.7367067933082581,0.6238185167312622,0.2631980776786804,0.7177660465240479,0.6129243969917297,0.2830811142921448
91,0.7504796981811523,0.6364730000495911,0.24954895675182343,0.7006435394287109,0.5855377316474915,0.30013567209243774
92,0.7356990575790405,0.6235406994819641,0.2642318904399872,0.7586408257484436,0.6543571949005127,0.24199330806732178
93,0.7496861815452576,0.6324367523193359,0.25016361474990845,0.6798266172409058,0.567399799823761,0.321219801902771
94,0.7470129728317261,0.6330091953277588,0.25288695096969604,0.7125698924064636,0.6019142866134644,0.2884657084941864
95,0.749075710773468,0.6372584700584412,0.2508047819137573,0.7357944846153259,0.6320434808731079,0.26504480838775635
96,0.7673634886741638,0.6539987325668335,0.23280097544193268,0.7545115947723389,0.6520342230796814,0.24610543251037598
97,0.7305009961128235,0.6122161746025085,0.26957210898399353,0.7606588006019592,0.6581472158432007,0.24003471434116364
98,0.7381747364997864,0.6230258941650391,0.2617856562137604,0.7231332659721375,0.6192134022712708,0.27782323956489563
99,0.7561541199684143,0.6438646912574768,0.24387851357460022,0.750028133392334,0.6479213237762451,0.2507901191711426
100,0.7522895932197571,0.6386585831642151,0.2477787733078003,0.7222407460212708,0.6103286743164062,0.2786242663860321
101,0.7461486458778381,0.6352127194404602,0.2538999319076538,0.7554953098297119,0.6512082815170288,0.24523942172527313
102,0.7489040493965149,0.6352510452270508,0.25110509991645813,0.7634090185165405,0.6559890508651733,0.2370072901248932
103,0.7574784159660339,0.6461533904075623,0.24225257337093353,0.7528806924819946,0.6472430229187012,0.24780899286270142
104,0.7551884055137634,0.6426424980163574,0.2442769855260849,0.7426932454109192,0.640535831451416,0.25813353061676025
105,0.7580581903457642,0.6459641456604004,0.24195557832717896,0.7413663864135742,0.6395320892333984,0.25937387347221375
106,0.7456731796264648,0.6305989027023315,0.2545071244239807,0.7646664977073669,0.6637017726898193,0.2360856533050537
107,0.7520240545272827,0.6392403841018677,0.2480582296848297,0.7542929649353027,0.6438055038452148,0.24619023501873016
108,0.7688053250312805,0.6547098755836487,0.23123140633106232,0.7468031644821167,0.6441447138786316,0.2539105713367462
109,0.7356910109519958,0.6163650155067444,0.2644104063510895,0.6809550523757935,0.5749687552452087,0.31988438963890076
110,0.75837242603302,0.6452143788337708,0.24153776466846466,0.7547464370727539,0.650280237197876,0.24591632187366486
111,0.7531391382217407,0.6425849795341492,0.24703562259674072,0.7508552074432373,0.6472780704498291,0.2498258501291275
112,0.7528656721115112,0.6372824311256409,0.24708068370819092,0.7328104376792908,0.6257055401802063,0.2680110037326813
113,0.7377098202705383,0.6242609620094299,0.2617674469947815,0.6730956435203552,0.5580817461013794,0.3277936577796936
114,0.7580729126930237,0.6431175470352173,0.2420428842306137,0.7596060633659363,0.6562784314155579,0.241131991147995
115,0.7557762265205383,0.644417941570282,0.24420417845249176,0.7372346520423889,0.631352961063385,0.2636156678199768
116,0.729385495185852,0.6128392815589905,0.270590215921402,0.7030289769172668,0.5909725427627563,0.29792478680610657
117,0.7533801794052124,0.643486499786377,0.2466381937265396,0.7359349727630615,0.6292957067489624,0.265018492937088
118,0.7469179034233093,0.6325992345809937,0.2531426250934601,0.7574304938316345,0.6554980278015137,0.24326729774475098
119,0.7657533288002014,0.6546948552131653,0.23421241343021393,0.7536429762840271,0.6522401571273804,0.24712760746479034
120,0.7514687180519104,0.6393727660179138,0.24844250082969666,0.7341339588165283,0.6309378743171692,0.2666518986225128
121,0.7605396509170532,0.6487511396408081,0.23949888348579407,0.730187714099884,0.6222864985466003,0.27070504426956177
122,0.7510711550712585,0.6386298537254333,0.24888622760772705,0.7265360355377197,0.6170099377632141,0.27441444993019104
123,0.7554460763931274,0.6418907046318054,0.24462752044200897,0.7071439623832703,0.5973069667816162,0.293738454580307
124,0.7657379508018494,0.6551031470298767,0.23432357609272003,0.7399953603744507,0.6375365853309631,0.260832279920578
125,0.754265308380127,0.6406951546669006,0.24578282237052917,0.7439531087875366,0.6409809589385986,0.2569047212600708
126,0.7631083726882935,0.651671290397644,0.23691296577453613,0.7461019158363342,0.6420010924339294,0.2546948492527008
127,0.7546914219856262,0.642992377281189,0.245172917842865,0.7104922533035278,0.6035690903663635,0.2904147505760193
128,0.7504830956459045,0.6407637000083923,0.24938243627548218,0.737397313117981,0.6321394443511963,0.263470321893692
129,0.7609540820121765,0.6482394933700562,0.2390429675579071,0.7660527229309082,0.662373423576355,0.23438462615013123
130,0.7336012721061707,0.6237576007843018,0.2660598158836365,0.12088485807180405,0.07047604769468307,0.8790168762207031
131,0.7364701628684998,0.6193956732749939,0.26362133026123047,0.7167508006095886,0.6044275760650635,0.2840867042541504
132,0.7385276556015015,0.6250718235969543,0.2609490156173706,0.7301766276359558,0.622541069984436,0.2705531120300293
133,0.7548448443412781,0.643677294254303,0.2448737472295761,0.7472926378250122,0.6437408924102783,0.2534140348434448
134,0.7521181702613831,0.6411410570144653,0.2479940503835678,0.712517261505127,0.6006271839141846,0.28840750455856323
135,0.7583742737770081,0.6478457450866699,0.24151276051998138,0.7383601665496826,0.6323790550231934,0.26236313581466675
136,0.7627701759338379,0.6503612995147705,0.23713693022727966,0.7298352718353271,0.6193087100982666,0.2709280848503113
137,0.7663481831550598,0.655622124671936,0.2331901490688324,0.7320106029510498,0.6249397397041321,0.2687003016471863
138,0.7631860971450806,0.6510845422744751,0.23663011193275452,0.7574613690376282,0.6547214984893799,0.2430505007505417
139,0.763390839099884,0.6516492962837219,0.23675665259361267,0.7173261046409607,0.6099509000778198,0.28349822759628296
140,0.7508286237716675,0.6362752318382263,0.24932627379894257,0.7468985319137573,0.6433301568031311,0.25382617115974426
141,0.7578127384185791,0.6454102396965027,0.24220168590545654,0.7271587252616882,0.6186619997024536,0.2736421525478363
142,0.7774737477302551,0.6660655736923218,0.22249792516231537,0.6982755661010742,0.5869542956352234,0.3025611639022827
143,0.7673400640487671,0.6556950211524963,0.23281309008598328,0.7277002930641174,0.6221925616264343,0.2730109989643097
144,0.7604935169219971,0.6483379602432251,0.2395395040512085,0.7485755085945129,0.6434420347213745,0.25202491879463196
145,0.772194504737854,0.6630784273147583,0.22784173488616943,0.727314829826355,0.6210916042327881,0.2734552025794983
146,0.7535282373428345,0.6406446099281311,0.24648115038871765,0.7339993715286255,0.6256324052810669,0.2666962146759033
147,0.7697492241859436,0.6594933867454529,0.23033848404884338,0.7276186943054199,0.6210225224494934,0.2733195424079895
148,0.7541726231575012,0.6447693109512329,0.24579444527626038,0.7501720190048218,0.6437414288520813,0.2506549656391144
149,0.7832196354866028,0.672910213470459,0.2168889194726944,0.7128045558929443,0.6008182764053345,0.2880246043205261
150,0.7640978097915649,0.650867223739624,0.2360096126794815,0.7664316892623901,0.663531482219696,0.23415786027908325
151,0.7564153671264648,0.6464802622795105,0.2437008172273636,0.7628344893455505,0.6597959399223328,0.23777581751346588
152,0.7811882495880127,0.6719362735748291,0.21881696581840515,0.7710999846458435,0.6688828468322754,0.22940555214881897
153,0.7689620852470398,0.6593901515007019,0.23119905591011047,0.6950585842132568,0.5795213580131531,0.30584901571273804
154,0.7567554116249084,0.6477054953575134,0.24326150119304657,0.7367098927497864,0.6331632733345032,0.2640076279640198
155,0.7755650877952576,0.6665655374526978,0.22449564933776855,0.6977376341819763,0.5841007232666016,0.30317625403404236
156,0.767062783241272,0.6548342704772949,0.23303255438804626,0.7517576217651367,0.647840142250061,0.24884895980358124
157,0.7652679085731506,0.6563580632209778,0.23433052003383636,0.6894351243972778,0.574199914932251,0.31151339411735535
158,0.7637760043144226,0.6521813869476318,0.23629499971866608,0.7394068241119385,0.6332013607025146,0.2612372934818268
159,0.769159197807312,0.6567053198814392,0.23091553151607513,0.753196120262146,0.6512259840965271,0.2472941279411316
160,0.770684003829956,0.6612419486045837,0.22946834564208984,0.7332320213317871,0.6262136697769165,0.2676500082015991
161,0.7534551620483398,0.6382266879081726,0.2466609925031662,0.7632269859313965,0.6540576815605164,0.23708145320415497
162,0.7660811543464661,0.6565680503845215,0.23337580263614655,0.7288219332695007,0.622158408164978,0.27191269397735596
163,0.7732870578765869,0.6639914512634277,0.2261655479669571,0.759373664855957,0.6565880179405212,0.24119718372821808
164,0.7617164254188538,0.6505640149116516,0.2382446974515915,0.692733108997345,0.5782197117805481,0.3082011640071869
165,0.7702196836471558,0.6605305075645447,0.2297409474849701,0.7450657486915588,0.6420474648475647,0.25567278265953064
166,0.7511424422264099,0.640173077583313,0.24889853596687317,0.743078887462616,0.6396905183792114,0.2576456367969513
167,0.7579683065414429,0.6471961736679077,0.2416304051876068,0.7148739099502563,0.6102744340896606,0.2858707904815674
168,0.7651817798614502,0.6555443406105042,0.2348819077014923,0.7136900424957275,0.6033933162689209,0.28717511892318726
169,0.7704533338546753,0.6605242490768433,0.22953768074512482,0.7433575391769409,0.6368663907051086,0.25736039876937866
170,0.775210440158844,0.6677772402763367,0.22480891644954681,0.7607510089874268,0.6590418219566345,0.23995400965213776
171,0.7722403407096863,0.6611620783805847,0.22758625447750092,0.7531206607818604,0.6523156762123108,0.24747557938098907
172,0.7776749134063721,0.6689470410346985,0.22248265147209167,0.7405502796173096,0.6390298008918762,0.26018959283828735
173,0.7654078602790833,0.6550939083099365,0.2346353828907013,0.7396962642669678,0.6334037780761719,0.26101675629615784
174,0.7548707127571106,0.644812285900116,0.24517329037189484,0.7209661602973938,0.6112907528877258,0.27978673577308655
175,0.7607419490814209,0.6514915823936462,0.23940321803092957,0.6805495619773865,0.565696656703949,0.32038912177085876
176,0.7581192255020142,0.6427951455116272,0.24171550571918488,0.740206241607666,0.6349748373031616,0.26041990518569946
177,0.7644046545028687,0.6555963754653931,0.23567068576812744,0.7188670039176941,0.6115747094154358,0.2818344831466675
178,0.7818465828895569,0.6744726896286011,0.2182491272687912,0.7386515140533447,0.6327924132347107,0.2621232271194458
179,0.7694975137710571,0.6604999899864197,0.23051190376281738,0.7194912433624268,0.6083476543426514,0.2812940180301666
180,0.7805848717689514,0.672350287437439,0.2194257527589798,0.7261325716972351,0.6156901717185974,0.2746788263320923
181,0.7820968627929688,0.6730916500091553,0.21757273375988007,0.7530605792999268,0.6500165462493896,0.24749517440795898
182,0.7675307393074036,0.6540535688400269,0.23239518702030182,0.7589695453643799,0.6500033736228943,0.241459921002388
183,0.7638015747070312,0.6523039937019348,0.23576463758945465,0.710805356502533,0.6019119024276733,0.2898975610733032
184,0.7449365258216858,0.6308266520500183,0.25453558564186096,0.683176577091217,0.5653611421585083,0.3176277279853821
185,0.756073534488678,0.6438198089599609,0.2440580278635025,0.7414302825927734,0.6329848766326904,0.2593497633934021
186,0.7670478224754333,0.6587819457054138,0.23298804461956024,0.7458730936050415,0.6406802535057068,0.25476470589637756
187,0.7706350088119507,0.6646981239318848,0.22907285392284393,0.732520341873169,0.626358687877655,0.2681950032711029
188,0.7676711082458496,0.6555869579315186,0.2324286550283432,0.7147634029388428,0.605274498462677,0.2860372066497803
189,0.7687481045722961,0.6592963337898254,0.23135454952716827,0.7152838110923767,0.6051502227783203,0.28555822372436523
190,0.7742987275123596,0.6622651219367981,0.22584913671016693,0.7629805207252502,0.6619752645492554,0.23747014999389648
191,0.7794078588485718,0.6717441082000732,0.22003990411758423,0.7622244954109192,0.6589306592941284,0.23836177587509155
192,0.779460072517395,0.6716018319129944,0.2206961214542389,0.7422689199447632,0.6370338201522827,0.25839337706565857
193,0.7613429427146912,0.646736204624176,0.23879334330558777,0.7555415630340576,0.651356041431427,0.2451154887676239
194,0.7618290781974792,0.6493866443634033,0.2380438596010208,0.7661030292510986,0.6644068956375122,0.2345098853111267
195,0.7846617698669434,0.6764140725135803,0.2154536247253418,0.7148503065109253,0.6052087545394897,0.28607067465782166
196,0.7753506898880005,0.6629868149757385,0.2247597873210907,0.7182567119598389,0.6089580655097961,0.28269273042678833
197,0.7759811878204346,0.6661585569381714,0.22393696010112762,0.7331206798553467,0.6262742877006531,0.2676580846309662
198,0.7587491869926453,0.6482219099998474,0.2414129078388214,0.7486666440963745,0.639570415019989,0.251985102891922
199,0.7804774641990662,0.6699950695037842,0.21931937336921692,0.7600498199462891,0.6564344167709351,0.2405792772769928
200,0.7680962681770325,0.6608067750930786,0.2319093644618988,0.7531923651695251,0.6488342881202698,0.24742865562438965
201,0.7911661267280579,0.6819055080413818,0.2086300551891327,0.6755869388580322,0.5549284815788269,0.32532021403312683
202,0.7627449631690979,0.6537482738494873,0.23718245327472687,0.7465934753417969,0.6406607031822205,0.25415146350860596
203,0.7742146253585815,0.6661075949668884,0.22588050365447998,0.708082914352417,0.5938372611999512,0.29275649785995483
204,0.7751333713531494,0.6652863025665283,0.22463858127593994,0.7251574993133545,0.615188479423523,0.27563750743865967
205,0.783765971660614,0.6782336831092834,0.21632760763168335,0.7542861104011536,0.6487151384353638,0.24638742208480835
206,0.7776218056678772,0.6714348196983337,0.22243152558803558,0.7659422159194946,0.6656326651573181,0.23465436697006226
207,0.7771817445755005,0.6701967716217041,0.2228996753692627,0.7485246062278748,0.6443833708763123,0.25203272700309753
208,0.7707585692405701,0.663536787033081,0.22925452888011932,0.7385985255241394,0.6301815509796143,0.262127161026001
209,0.7762010097503662,0.6683486104011536,0.22392742335796356,0.7442248463630676,0.6338925361633301,0.25652146339416504
210,0.791602611541748,0.6810309886932373,0.2083524614572525,0.742880642414093,0.6385879516601562,0.25788697600364685
211,0.7863888740539551,0.6778289079666138,0.21349260210990906,0.736847460269928,0.6282524466514587,0.26383161544799805
212,0.7873010039329529,0.680473804473877,0.21272705495357513,0.7500594258308411,0.6452405452728271,0.250579833984375
213,0.7627931237220764,0.6567927598953247,0.23731231689453125,0.7337578535079956,0.6213256120681763,0.26707005500793457
214,0.7564587593078613,0.6436085104942322,0.24361799657344818,0.7167508602142334,0.6089585423469543,0.28405073285102844
215,0.7641984820365906,0.6545801162719727,0.23563846945762634,0.7507065534591675,0.6441887021064758,0.24998994171619415
216,0.7880240678787231,0.6803717017173767,0.2120523601770401,0.7325376272201538,0.6249345541000366,0.26823920011520386
217,0.7842007875442505,0.6763712167739868,0.21585258841514587,0.7558864951133728,0.652416467666626,0.24478305876255035
218,0.7754444479942322,0.6670546531677246,0.2246481329202652,0.7554295063018799,0.6508561968803406,0.24526897072792053
219,0.7765906453132629,0.6707718968391418,0.22319497168064117,0.7472389340400696,0.6396704316139221,0.2534888982772827
220,0.7857328653335571,0.6796990633010864,0.21371038258075714,0.7586063146591187,0.6558244824409485,0.24207600951194763
221,0.7674218416213989,0.6573417782783508,0.23259472846984863,0.75492262840271,0.6494011878967285,0.2457696944475174
222,0.7812061905860901,0.6761232018470764,0.21876436471939087,0.7659180164337158,0.6627166867256165,0.2346949726343155
223,0.7974777817726135,0.6914712190628052,0.20264019072055817,0.7661860585212708,0.6651573777198792,0.2344321608543396
224,0.7807303667068481,0.6752105355262756,0.21919427812099457,0.7448021769523621,0.6382740139961243,0.25587284564971924
225,0.7869080305099487,0.6781235337257385,0.21317780017852783,0.7623411417007446,0.6589831113815308,0.23815971612930298
226,0.7135283946990967,0.5943701863288879,0.28664013743400574,0.7391299605369568,0.6330437064170837,0.26155886054039
227,0.769941508769989,0.6597487926483154,0.23001116514205933,0.7421976923942566,0.6378187537193298,0.2584451735019684
228,0.7852939367294312,0.6792178153991699,0.21441003680229187,0.754376232624054,0.6506081223487854,0.24631091952323914
229,0.7852732539176941,0.6777268052101135,0.21466173231601715,0.7481591105461121,0.6429897546768188,0.25253888964653015
230,0.7678110003471375,0.6610779762268066,0.23206724226474762,0.7515944242477417,0.6468839645385742,0.24906732141971588
231,0.7886886596679688,0.6834959983825684,0.2114609181880951,0.7602947354316711,0.656238853931427,0.24027539789676666
232,0.7898110747337341,0.682671308517456,0.2102346271276474,0.7587150931358337,0.6536408066749573,0.24192090332508087
233,0.782435953617096,0.6728472113609314,0.217617005109787,0.7558057904243469,0.6521034836769104,0.2448102980852127
234,0.7816565632820129,0.6725515723228455,0.21811701357364655,0.7532147169113159,0.6492068767547607,0.2474295049905777
235,0.7899448871612549,0.6823877096176147,0.20990581810474396,0.739364504814148,0.6303545832633972,0.26134178042411804
236,0.7820819020271301,0.6706908941268921,0.21802784502506256,0.7333232164382935,0.6235473155975342,0.2674717307090759
237,0.8000038266181946,0.6921404600143433,0.2000880241394043,0.7551320195198059,0.6500338315963745,0.24555152654647827
238,0.7748809456825256,0.6676649451255798,0.22499524056911469,0.7591196894645691,0.6548874974250793,0.2415035516023636
239,0.7811060547828674,0.672282338142395,0.2189442366361618,0.7491171956062317,0.6450747847557068,0.2515125572681427
240,0.7862780690193176,0.6792186498641968,0.21356995403766632,0.7528893947601318,0.6494266986846924,0.2477036416530609
241,0.7855256795883179,0.680099368095398,0.21452613174915314,0.7545208930969238,0.6479261517524719,0.2460421472787857
242,0.7888634204864502,0.6817031502723694,0.21120183169841766,0.7508259415626526,0.6444722414016724,0.2497004270553589
243,0.7844735383987427,0.6759815812110901,0.21497078239917755,0.7208766937255859,0.6045608520507812,0.2798595726490021
244,0.7909191846847534,0.686154842376709,0.20852036774158478,0.725925624370575,0.6135638952255249,0.27479609847068787
245,0.7955029606819153,0.6878915429115295,0.20452991127967834,0.7259967923164368,0.6140482425689697,0.27478960156440735
246,0.8025614619255066,0.6971311569213867,0.19711370766162872,0.7521297931671143,0.6450929045677185,0.24835410714149475
247,0.7866439819335938,0.6830345392227173,0.21279843151569366,0.7249467372894287,0.6117538213729858,0.27578556537628174
248,0.7927347421646118,0.686689555644989,0.20702381432056427,0.7663297057151794,0.6622591614723206,0.23418205976486206
249,0.7837513089179993,0.6777300834655762,0.2163919359445572,0.7448305487632751,0.6381658911705017,0.2558102011680603
250,0.7827785611152649,0.6750645041465759,0.21729083359241486,0.7511737942695618,0.6427103281021118,0.24943670630455017
251,0.7785196304321289,0.673178493976593,0.22142314910888672,0.7705113291740417,0.6644102334976196,0.22994093596935272
252,0.7956007719039917,0.6886075735092163,0.20431627333164215,0.7575258612632751,0.6528689861297607,0.24321013689041138
253,0.7849202156066895,0.6783447265625,0.21519087255001068,0.7138270735740662,0.6008997559547424,0.2870088219642639
254,0.7490769624710083,0.6350976228713989,0.25095537304878235,0.7013777494430542,0.5900757908821106,0.29939401149749756
255,0.7805017232894897,0.6728504300117493,0.21956144273281097,0.6927323937416077,0.578621506690979,0.30806827545166016
256,0.7877305150032043,0.6793164014816284,0.2123008668422699,0.7589322924613953,0.6525692939758301,0.24170294404029846
257,0.7815505862236023,0.6751996874809265,0.21856491267681122,0.7424070835113525,0.6320759057998657,0.2582922875881195
258,0.7977187633514404,0.692202627658844,0.2022428661584854,0.7530506253242493,0.6446559429168701,0.24758288264274597
259,0.7861374616622925,0.6809880137443542,0.21376553177833557,0.7401601076126099,0.6285322904586792,0.2605159282684326
260,0.7922206521034241,0.6838234663009644,0.20721834897994995,0.754301905632019,0.6461480259895325,0.24629759788513184
261,0.8022628426551819,0.6992231011390686,0.1976204365491867,0.7309844493865967,0.6195905208587646,0.26973187923431396
262,0.7988853454589844,0.6952796578407288,0.200960174202919,0.7309260368347168,0.6204637885093689,0.26981663703918457
263,0.7799316644668579,0.6747791171073914,0.22015340626239777,0.7542788982391357,0.6475111246109009,0.24617937207221985
264,0.7972783446311951,0.6916344165802002,0.20269103348255157,0.7655551433563232,0.6602778434753418,0.23514080047607422
265,0.7896251082420349,0.6839938163757324,0.21027131378650665,0.7736265063285828,0.6700973510742188,0.2268146425485611
266,0.7905764579772949,0.6842789649963379,0.20956216752529144,0.7146786451339722,0.5972974300384521,0.2861083149909973
267,0.8036018013954163,0.6984917521476746,0.19642385840415955,0.7387118935585022,0.628710150718689,0.2620672881603241
268,0.7833476662635803,0.6767372488975525,0.21638824045658112,0.7700672745704651,0.6660197377204895,0.23042748868465424
269,0.7856218814849854,0.6795473694801331,0.2142917364835739,0.7287856936454773,0.6195701956748962,0.2720682621002197
270,0.7990065813064575,0.6932572722434998,0.20066431164741516,0.7525985240936279,0.6454317569732666,0.248000830411911
271,0.7865064740180969,0.6805453300476074,0.2135455459356308,0.7491886019706726,0.641624927520752,0.2515227198600769
272,0.8062182068824768,0.7015148401260376,0.19372348487377167,0.76237952709198,0.6560077667236328,0.23825299739837646
273,0.7871609330177307,0.6830328702926636,0.21297676861286163,0.7378659844398499,0.6260128617286682,0.2627533972263336
274,0.8037327527999878,0.6984776854515076,0.1963140070438385,0.7488536238670349,0.6413319110870361,0.251802533864975
275,0.8057003021240234,0.700975239276886,0.194119393825531,0.7181761264801025,0.603967547416687,0.2825931906700134
276,0.7930020689964294,0.6856789588928223,0.2071046680212021,0.7664757966995239,0.6620997190475464,0.2340758740901947
277,0.7991012930870056,0.6951103210449219,0.20092520117759705,0.7568773031234741,0.6522154808044434,0.24371258914470673
278,0.7661716938018799,0.6572746634483337,0.23378297686576843,0.7532888650894165,0.6460685729980469,0.247431680560112
279,0.7934105396270752,0.6868106722831726,0.20654501020908356,0.766502857208252,0.6629125475883484,0.2340853214263916
280,0.7879330515861511,0.6839712262153625,0.21218588948249817,0.7531921863555908,0.646918535232544,0.24751882255077362
281,0.800653338432312,0.6969786882400513,0.19936653971672058,0.7559553980827332,0.6533636450767517,0.24470709264278412
282,0.805977463722229,0.7005436420440674,0.19413213431835175,0.7548654079437256,0.6522529125213623,0.2457532286643982
283,0.786117434501648,0.6748518943786621,0.2137715071439743,0.734256386756897,0.6273120641708374,0.26633700728416443
284,0.796144962310791,0.6929744482040405,0.20392592251300812,0.7295278310775757,0.6191902160644531,0.271237850189209
285,0.7936004996299744,0.6934288144111633,0.20641934871673584,0.7726486921310425,0.671081006526947,0.22775053977966309
286,0.8009635806083679,0.6977189779281616,0.19912303984165192,0.7528161406517029,0.6457726955413818,0.24771708250045776
287,0.799373984336853,0.6969359517097473,0.20074117183685303,0.7523078918457031,0.6468498110771179,0.24841925501823425
288,0.7950829863548279,0.6898481249809265,0.20485790073871613,0.7507854700088501,0.6450974345207214,0.24992875754833221
289,0.7978636622428894,0.6938839554786682,0.20214702188968658,0.7376213669776917,0.6283033490180969,0.2630864679813385
290,0.7995814085006714,0.6943215727806091,0.20048432052135468,0.7456443309783936,0.638566792011261,0.2547643482685089
291,0.7900009155273438,0.6835731267929077,0.21007777750492096,0.7439485192298889,0.6408029198646545,0.25675997138023376
292,0.8022382259368896,0.6997328400611877,0.1978279948234558,0.739790141582489,0.6289075613021851,0.2609906494617462
293,0.8010041117668152,0.6984170079231262,0.19881562888622284,0.721511721611023,0.6103266477584839,0.2793188989162445
294,0.7852061986923218,0.680184543132782,0.21487563848495483,0.7352420091629028,0.6275254487991333,0.2655453383922577
295,0.7998323440551758,0.6972876787185669,0.2002658098936081,0.750943124294281,0.6467854976654053,0.24977858364582062
296,0.7988607883453369,0.6914396286010742,0.20093289017677307,0.73417729139328,0.6258364319801331,0.26650166511535645
297,0.8065911531448364,0.7031980156898499,0.19337578117847443,0.7315897345542908,0.6200771927833557,0.2692866921424866
298,0.8125110864639282,0.7085998058319092,0.18753211200237274,0.741448700428009,0.6337344646453857,0.2592599391937256
299,0.8007803559303284,0.6989641189575195,0.19865277409553528,0.745179295539856,0.6381914615631104,0.2555420696735382
300,0.796341598033905,0.6919676065444946,0.203624427318573,0.740545392036438,0.634987473487854,0.26011091470718384
301,0.7920787334442139,0.6882103085517883,0.20747755467891693,0.7285789251327515,0.6194634437561035,0.2721714675426483
302,0.8056148290634155,0.7036391496658325,0.1944960355758667,0.7322899103164673,0.6218336224555969,0.2684599459171295
303,0.8114917874336243,0.7098975777626038,0.18856865167617798,0.7417452931404114,0.6301466226577759,0.2589629888534546
304,0.8042540550231934,0.6981205940246582,0.19578947126865387,0.7503844499588013,0.6393894553184509,0.25029903650283813
305,0.8153927326202393,0.7135085463523865,0.18442150950431824,0.7305349707603455,0.6188113689422607,0.2701684832572937
306,0.8027772903442383,0.6963550448417664,0.19706811010837555,0.7589559555053711,0.6498823761940002,0.24144355952739716
307,0.8007435202598572,0.6946303844451904,0.19925469160079956,0.7349749803543091,0.6261802315711975,0.26564183831214905
308,0.8030838966369629,0.6996558308601379,0.19688467681407928,0.7275090217590332,0.6165260672569275,0.27329879999160767
309,0.794276773929596,0.6927371621131897,0.2053329050540924,0.7555780410766602,0.6481800079345703,0.24491582810878754
310,0.8000442981719971,0.6962764859199524,0.20000144839286804,0.7687171697616577,0.6653425097465515,0.23188243806362152
311,0.8126817345619202,0.7106416821479797,0.18729518353939056,0.7679089307785034,0.661790132522583,0.23271602392196655
312,0.7951634526252747,0.6919405460357666,0.2048475742340088,0.7502062320709229,0.6429035663604736,0.2505229711532593
313,0.8176323771476746,0.7165799140930176,0.1824364960193634,0.7742525935173035,0.6699140667915344,0.22633129358291626
314,0.8098053336143494,0.7064728140830994,0.19028356671333313,0.7605011463165283,0.6521996259689331,0.24006964266300201
315,0.7996849417686462,0.6985074877738953,0.2000276744365692,0.7441884279251099,0.6306777596473694,0.2565062344074249
316,0.81031733751297,0.7085249423980713,0.18976767361164093,0.7580795884132385,0.6527824401855469,0.2424655258655548
317,0.8069678544998169,0.7035564184188843,0.19306761026382446,0.7652044892311096,0.6594163775444031,0.23546861112117767
318,0.8042162656784058,0.7011617422103882,0.19571508467197418,0.7533265352249146,0.6470461487770081,0.2472842037677765
319,0.8007891178131104,0.6954848766326904,0.1986432671546936,0.7662903070449829,0.6611201763153076,0.23396074771881104
320,0.798239529132843,0.6946686506271362,0.2017885446548462,0.7602085471153259,0.6538459658622742,0.24034367501735687
321,0.7944586277008057,0.6923024654388428,0.2055574506521225,0.7723057270050049,0.6688686013221741,0.22826094925403595
322,0.815534770488739,0.7143500447273254,0.1845470666885376,0.7486419081687927,0.6400377750396729,0.2520236372947693
323,0.7896707057952881,0.6828934550285339,0.21043390035629272,0.7470354437828064,0.6400476694107056,0.25379544496536255
324,0.7986093759536743,0.6962816119194031,0.20132172107696533,0.736912190914154,0.6273305416107178,0.26386457681655884
325,0.8082805275917053,0.706076979637146,0.19159483909606934,0.7402204871177673,0.6313044428825378,0.26047009229660034
326,0.8119691610336304,0.7103220224380493,0.18745598196983337,0.7644845247268677,0.6592826247215271,0.23623496294021606
327,0.7978988885879517,0.6971250176429749,0.20218925178050995,0.7239847779273987,0.6095192432403564,0.27669739723205566
328,0.8004628419876099,0.6985839605331421,0.19963499903678894,0.7359210252761841,0.6239356994628906,0.2647440433502197
329,0.8055652379989624,0.7052903175354004,0.1940176784992218,0.7547977566719055,0.6482287049293518,0.2459726333618164
330,0.8132817149162292,0.713122546672821,0.1867620348930359,0.7753416895866394,0.6724885106086731,0.22529761493206024
331,0.7756468057632446,0.6688867211341858,0.22447477281093597,0.7178850769996643,0.6035382747650146,0.28289109468460083
332,0.813458263874054,0.7132154703140259,0.18658316135406494,0.7600314617156982,0.6534367799758911,0.24058842658996582
333,0.8101615905761719,0.7096664309501648,0.18989169597625732,0.7504112720489502,0.6403015851974487,0.2502990663051605
334,0.7859216928482056,0.6801297664642334,0.21403077244758606,0.7518321871757507,0.6414943933486938,0.24874618649482727
335,0.8037515878677368,0.6992877721786499,0.19633223116397858,0.7285852432250977,0.612625241279602,0.2720481753349304
336,0.8016383647918701,0.6995928287506104,0.19842875003814697,0.7602385878562927,0.6527895927429199,0.240310400724411
337,0.7935452461242676,0.6924682259559631,0.20608077943325043,0.7061010003089905,0.5860174298286438,0.29477453231811523
338,0.8037695288658142,0.7006983160972595,0.19612960517406464,0.7389510273933411,0.6281064748764038,0.2617601454257965
339,0.811050295829773,0.7106227874755859,0.18879233300685883,0.7463462352752686,0.6380645632743835,0.2543911337852478
340,0.8029780983924866,0.7035533785820007,0.19711928069591522,0.7716946005821228,0.6686117649078369,0.22884733974933624
341,0.8215541243553162,0.7227935791015625,0.17853739857673645,0.7675976753234863,0.6631777286529541,0.2330617606639862
342,0.8167832493782043,0.7151320576667786,0.18328770995140076,0.7761557102203369,0.6750468611717224,0.22435754537582397
343,0.8200507760047913,0.7176219820976257,0.1799706071615219,0.7736934423446655,0.6696175336837769,0.22679166495800018
344,0.8016130924224854,0.7014817595481873,0.1985093653202057,0.7656676769256592,0.659976065158844,0.23485907912254333
345,0.8106401562690735,0.7091426849365234,0.18943513929843903,0.7530823349952698,0.6453163623809814,0.2473696768283844
346,0.8148228526115417,0.7158000469207764,0.1846003532409668,0.7592971920967102,0.6541107892990112,0.2412334382534027
347,0.7985799312591553,0.6955538392066956,0.20147478580474854,0.7507807612419128,0.6436962485313416,0.24985705316066742
348,0.8132117986679077,0.7136213183403015,0.18642203509807587,0.7626291513442993,0.6596534252166748,0.23789982497692108
349,0.8176451921463013,0.7187784314155579,0.18236084282398224,0.7344041466712952,0.6276881694793701,0.2662963271141052
350,0.8046020865440369,0.7021090388298035,0.19543081521987915,0.7633233666419983,0.6548646092414856,0.23717841506004333
351,0.8182958960533142,0.7172661423683167,0.18174989521503448,0.7511272430419922,0.6428762078285217,0.24960191547870636
352,0.8039779663085938,0.7026234865188599,0.19587239623069763,0.7619063258171082,0.6558433771133423,0.23874585330486298
353,0.8085452914237976,0.7103012800216675,0.19151848554611206,0.7621210813522339,0.6598132848739624,0.238294318318367
354,0.8069090247154236,0.7048817873001099,0.19304482638835907,0.7132161855697632,0.5987839698791504,0.28769829869270325
355,0.8032659888267517,0.701877236366272,0.19680155813694,0.7732123136520386,0.6674270629882812,0.2273983210325241
356,0.8091830015182495,0.7083078026771545,0.19090743362903595,0.7626619935035706,0.6583716869354248,0.23798666894435883
357,0.8070597052574158,0.7074747085571289,0.1927921622991562,0.7499882578849792,0.6414653062820435,0.2506810426712036
358,0.823405921459198,0.725149929523468,0.17670662701129913,0.7513459324836731,0.6452547311782837,0.24918009340763092
359,0.8168801069259644,0.7172181010246277,0.1829448789358139,0.7595323324203491,0.6532925963401794,0.24093197286128998
360,0.8152862787246704,0.714239776134491,0.1848130226135254,0.7639176249504089,0.6598519682884216,0.23657843470573425
361,0.8070524334907532,0.7079819440841675,0.19237619638442993,0.7681173086166382,0.6666194796562195,0.23234286904335022
362,0.8123136162757874,0.7134811282157898,0.18765243887901306,0.7662880420684814,0.6659420132637024,0.2341519296169281
363,0.8157205581665039,0.7147466540336609,0.18424943089485168,0.7743384838104248,0.6733582019805908,0.22608986496925354
364,0.8062903881072998,0.7054259777069092,0.19313912093639374,0.7328783273696899,0.6217262744903564,0.26793909072875977
365,0.7805958986282349,0.6734290719032288,0.2188514769077301,0.7539622783660889,0.6469826698303223,0.24657532572746277
366,0.824997067451477,0.7257077693939209,0.17500923573970795,0.768464207649231,0.6666715741157532,0.23198272287845612
367,0.8135806322097778,0.7146162986755371,0.186484232544899,0.7565636038780212,0.6509382724761963,0.24391478300094604
368,0.8071380853652954,0.7063136100769043,0.19294127821922302,0.7458735704421997,0.6383650302886963,0.2545667588710785
369,0.8064764142036438,0.7046133279800415,0.1932847797870636,0.7512522339820862,0.6439036726951599,0.2493642121553421
370,0.8246816396713257,0.7249069213867188,0.1754365861415863,0.7577763199806213,0.6511807441711426,0.24276521801948547
371,0.8143792748451233,0.7133111357688904,0.18533667922019958,0.7666465640068054,0.6628106236457825,0.23386645317077637
372,0.8203697204589844,0.7221522331237793,0.17967195808887482,0.7383807897567749,0.6289898753166199,0.2623221278190613
373,0.8082780241966248,0.7083783745765686,0.19147120416164398,0.719509482383728,0.6053034067153931,0.2812981903553009
374,0.8132661581039429,0.7153787612915039,0.18679799139499664,0.7673753499984741,0.6620599627494812,0.23304903507232666
375,0.8176793456077576,0.7188265323638916,0.1822684407234192,0.7380049824714661,0.62994784116745,0.2625904381275177
376,0.7776001691818237,0.6667591333389282,0.2225176841020584,0.7368505001068115,0.6268975734710693,0.2636615037918091
377,0.8059669137001038,0.7039064168930054,0.19346287846565247,0.7441656589508057,0.6356625556945801,0.25633418560028076
378,0.7967197299003601,0.6950531601905823,0.2030937671661377,0.7643738389015198,0.65644770860672,0.23583482205867767
379,0.80556720495224,0.7059431076049805,0.1945502907037735,0.7515877485275269,0.6458739638328552,0.2490014135837555
380,0.8267087340354919,0.7257208824157715,0.1729094535112381,0.7597571015357971,0.6546080112457275,0.24084340035915375
381,0.8097087144851685,0.7077704071998596,0.1902739703655243,0.7463075518608093,0.639315128326416,0.2542653977870941
382,0.8147194981575012,0.7163290977478027,0.18533271551132202,0.7638271450996399,0.6591280698776245,0.23681606352329254
383,0.8180115222930908,0.7185208201408386,0.18186913430690765,0.7492585182189941,0.6420676112174988,0.2514006793498993
384,0.8181111216545105,0.7170493006706238,0.18183459341526031,0.7744481563568115,0.6718955039978027,0.22603698074817657
385,0.8005347847938538,0.7007849216461182,0.19946102797985077,0.686135470867157,0.5671550631523132,0.3146348297595978
386,0.8163381218910217,0.7143157720565796,0.18368175625801086,0.7749347686767578,0.671299159526825,0.22557333111763
387,0.803295373916626,0.7002870440483093,0.196719229221344,0.7698606848716736,0.6696644425392151,0.23063595592975616
388,0.8092917799949646,0.7091293334960938,0.1908039152622223,0.7539217472076416,0.6513521671295166,0.2465878576040268
389,0.8176503777503967,0.7190495133399963,0.18226833641529083,0.7291775345802307,0.6195641756057739,0.2714361846446991
390,0.8281631469726562,0.7314092516899109,0.17178624868392944,0.7561005353927612,0.6530872583389282,0.24436667561531067
391,0.7984322905540466,0.6965721249580383,0.20166835188865662,0.7466619610786438,0.6421636343002319,0.25390514731407166
392,0.8112262487411499,0.7095637321472168,0.18876567482948303,0.7635986804962158,0.6606888771057129,0.2368554323911667
393,0.8223244547843933,0.7234489321708679,0.1777781993150711,0.7311527132987976,0.6225460171699524,0.2695126235485077
394,0.8150867819786072,0.718357503414154,0.18480205535888672,0.7568795084953308,0.6529048085212708,0.24356243014335632
395,0.8076529502868652,0.7095600962638855,0.19242852926254272,0.7252749800682068,0.6199020743370056,0.27541103959083557
396,0.8089019656181335,0.7080079317092896,0.1911754161119461,0.738721489906311,0.6340747475624084,0.2619512975215912
397,0.8114162087440491,0.7121928930282593,0.18866638839244843,0.7673919200897217,0.6644826531410217,0.2330523580312729
398,0.7920086979866028,0.688400387763977,0.20809617638587952,0.7583591938018799,0.6553863883018494,0.24214334785938263
399,0.8123348355293274,0.7113869190216064,0.18758122622966766,0.7543337345123291,0.6492469310760498,0.24617041647434235
400,0.8101725578308105,0.710951030254364,0.18987835943698883,0.7350180149078369,0.6225258708000183,0.26567646861076355
401,0.8183190226554871,0.7170698046684265,0.18163587152957916,0.76291823387146,0.6593759059906006,0.23748333752155304
402,0.8186374306678772,0.720888614654541,0.18119993805885315,0.7515882849693298,0.6446055769920349,0.24906310439109802
403,0.8074467778205872,0.7057492733001709,0.19256211817264557,0.7569540739059448,0.6536737084388733,0.24372434616088867
404,0.8189651370048523,0.7218943238258362,0.1804560273885727,0.7517911791801453,0.6499527096748352,0.2489863634109497
405,0.8199883103370667,0.7215316891670227,0.17969530820846558,0.7524856328964233,0.6462701559066772,0.24810226261615753
406,0.8203299641609192,0.7225832939147949,0.17974413931369781,0.7522469758987427,0.6464102268218994,0.24846069514751434
407,0.8077043294906616,0.7068224549293518,0.19172370433807373,0.7285149693489075,0.6152505874633789,0.27211713790893555
408,0.8121529221534729,0.7086489200592041,0.18795683979988098,0.737133264541626,0.6274310350418091,0.26365119218826294
409,0.8111759424209595,0.7138318419456482,0.1889326125383377,0.7377796769142151,0.6300678253173828,0.2629449665546417
410,0.8299723863601685,0.7321566343307495,0.1695787012577057,0.7333252429962158,0.6218388080596924,0.26733312010765076
411,0.8251492977142334,0.7274512648582458,0.17484340071678162,0.7501947283744812,0.6470715999603271,0.2504239082336426
412,0.8349505662918091,0.7372857332229614,0.16475173830986023,0.7494232654571533,0.6454358696937561,0.2511752247810364
413,0.8146594762802124,0.7185776829719543,0.18541337549686432,0.753317654132843,0.6489148736000061,0.24721427261829376
414,0.8296613693237305,0.7330799102783203,0.1704370081424713,0.7750879526138306,0.6737973690032959,0.22545120120048523
415,0.8226977586746216,0.7249540686607361,0.17713876068592072,0.7229740619659424,0.6084303259849548,0.27776798605918884
416,0.7621194124221802,0.6513599157333374,0.2376691699028015,0.75672847032547,0.6506979465484619,0.24342267215251923
417,0.7937172055244446,0.6930997371673584,0.20623569190502167,0.754492998123169,0.6498072743415833,0.2459821105003357
418,0.8091616034507751,0.707294762134552,0.19054776430130005,0.7483252882957458,0.6392540335655212,0.2522788941860199
419,0.8251602053642273,0.7281578183174133,0.17465388774871826,0.7584158778190613,0.6530493497848511,0.24210581183433533
420,0.8319970369338989,0.7342557907104492,0.16795937716960907,0.7568318843841553,0.6518927812576294,0.24376851320266724
421,0.8181011080741882,0.7192932367324829,0.1817716807126999,0.7406461834907532,0.6310085654258728,0.2599906027317047
422,0.8189203143119812,0.719371497631073,0.1811610758304596,0.7552392482757568,0.6486302614212036,0.24532659351825714
423,0.8245754837989807,0.7277721762657166,0.17553065717220306,0.7508366107940674,0.6431585550308228,0.2497645616531372
424,0.8303647041320801,0.7351993918418884,0.16963772475719452,0.7576366066932678,0.6509217023849487,0.24294224381446838
425,0.8132895231246948,0.7132276892662048,0.1865406483411789,0.7816011309623718,0.6802500486373901,0.2188459187746048
426,0.8179264664649963,0.7200978994369507,0.18212921917438507,0.7540252208709717,0.649249792098999,0.24659842252731323
427,0.8181943297386169,0.7210804224014282,0.1818782538175583,0.760321855545044,0.6580850481987,0.24015800654888153
428,0.8200331926345825,0.7232068181037903,0.17961914837360382,0.7540762424468994,0.651674747467041,0.24655939638614655
429,0.8195993304252625,0.7228321433067322,0.1798202246427536,0.7562544345855713,0.6534136533737183,0.2442491352558136
430,0.8259796500205994,0.7273354530334473,0.1736866533756256,0.7566349506378174,0.656051516532898,0.2437836229801178
431,0.8161563873291016,0.7188683748245239,0.18381628394126892,0.7384613752365112,0.6369492411613464,0.262101948261261
432,0.8270063400268555,0.7291619181632996,0.173116073012352,0.7369888424873352,0.6298378109931946,0.2635221481323242
433,0.8278464078903198,0.7311128973960876,0.17223739624023438,0.7798179984092712,0.677424430847168,0.2206089049577713
434,0.8326351046562195,0.7326776385307312,0.16739721596240997,0.7616736888885498,0.6577523946762085,0.23892368376255035
435,0.8233086466789246,0.7242785096168518,0.1767677217721939,0.7617570757865906,0.6585320830345154,0.23878996074199677
436,0.8148977160453796,0.7159613966941833,0.18452496826648712,0.7594173550605774,0.6544714570045471,0.24118031561374664
437,0.8209293484687805,0.7205600142478943,0.17915695905685425,0.7564733624458313,0.6525469422340393,0.24416542053222656
438,0.8300694227218628,0.7350185513496399,0.16998668015003204,0.770187497138977,0.6656090021133423,0.23035132884979248
439,0.8166974782943726,0.720916748046875,0.1833067685365677,0.7640829086303711,0.660068929195404,0.23643647134304047
440,0.8227802515029907,0.7266704440116882,0.1771225780248642,0.737709105014801,0.6272060871124268,0.2626330256462097
441,0.8058266043663025,0.7070456147193909,0.19399896264076233,0.748928427696228,0.6433048248291016,0.25173911452293396
442,0.823913037776947,0.7257462739944458,0.176163449883461,0.7517068386077881,0.6473187208175659,0.24888333678245544
443,0.8158342838287354,0.7156866788864136,0.18419186770915985,0.7385319471359253,0.6313665509223938,0.2620733380317688
444,0.8242664337158203,0.7281733155250549,0.1757773458957672,0.7496944069862366,0.6450406908988953,0.2508201003074646
445,0.8261885046958923,0.732765257358551,0.17393438518047333,0.7505133748054504,0.6471335887908936,0.2500819265842438
446,0.8338375091552734,0.7375427484512329,0.16557157039642334,0.7587757110595703,0.6562669277191162,0.24178235232830048
447,0.8219683766365051,0.7240515351295471,0.17813651263713837,0.7508629560470581,0.645315408706665,0.24969637393951416
448,0.8354858756065369,0.7402011156082153,0.1645067036151886,0.7525315880775452,0.6485589742660522,0.24798639118671417
449,0.8289285898208618,0.7307795882225037,0.17111773788928986,0.7682276964187622,0.6613925695419312,0.2318439483642578
450,0.8245463371276855,0.727994978427887,0.1754630208015442,0.752633273601532,0.6441417336463928,0.2478664368391037
451,0.820309579372406,0.7227106690406799,0.17979392409324646,0.7601062059402466,0.655983030796051,0.24043172597885132
452,0.8286856412887573,0.7306699156761169,0.1712615191936493,0.7613441944122314,0.6585184335708618,0.23913875222206116
453,0.8271356821060181,0.7325272560119629,0.17297235131263733,0.7673282027244568,0.6675748825073242,0.23306939005851746
454,0.8282761573791504,0.7326300144195557,0.17165347933769226,0.7659752368927002,0.6632980704307556,0.2346881628036499
455,0.8286983966827393,0.7335370182991028,0.17138925194740295,0.7784777879714966,0.6767305135726929,0.22197294235229492
456,0.8237583637237549,0.7291804552078247,0.17583167552947998,0.7417096495628357,0.6311502456665039,0.25899094343185425
457,0.8065370917320251,0.7037792801856995,0.19316478073596954,0.7234679460525513,0.6186762452125549,0.27733421325683594
458,0.8235655426979065,0.7249130606651306,0.17647452652454376,0.7505987286567688,0.6479095816612244,0.24995972216129303
459,0.8260492086410522,0.7293297052383423,0.17402257025241852,0.7507562637329102,0.6439216732978821,0.24986204504966736
460,0.8113043904304504,0.7098203897476196,0.18877637386322021,0.7480719685554504,0.6393100619316101,0.2525342106819153
461,0.8101871609687805,0.7087483406066895,0.18993745744228363,0.7502831220626831,0.645433247089386,0.2503920793533325
462,0.8164976835250854,0.7180550694465637,0.18347378075122833,0.7580111026763916,0.6512195467948914,0.24245664477348328
463,0.8147861361503601,0.7200478911399841,0.18530166149139404,0.7545933127403259,0.650570273399353,0.2460496425628662
464,0.8256741166114807,0.7287885546684265,0.17421682178974152,0.7576054930686951,0.6561840772628784,0.24301505088806152
465,0.8308101296424866,0.7345136404037476,0.1691010445356369,0.762040376663208,0.6576605439186096,0.23851969838142395
466,0.8174229264259338,0.7188206315040588,0.18260306119918823,0.7464611530303955,0.6407997608184814,0.25413358211517334
467,0.8265851736068726,0.7313134074211121,0.17341141402721405,0.7280164957046509,0.616718053817749,0.27259182929992676
468,0.8326554298400879,0.737208902835846,0.16735126078128815,0.772516667842865,0.6715737581253052,0.22791899740695953
469,0.822977602481842,0.7289400100708008,0.17699120938777924,0.7794387340545654,0.6784738302230835,0.2208893895149231
470,0.8251909017562866,0.728751540184021,0.17422468960285187,0.7699425220489502,0.6664825081825256,0.23045621812343597
471,0.8276745080947876,0.7321564555168152,0.1719415783882141,0.7686840295791626,0.6664717197418213,0.23179660737514496
472,0.7818143367767334,0.6786662936210632,0.21834011375904083,0.7137433886528015,0.6010619401931763,0.2867794632911682
473,0.8049550652503967,0.6994675397872925,0.19516633450984955,0.7622436285018921,0.6616618633270264,0.23835480213165283
474,0.8177909255027771,0.7182103991508484,0.18217876553535461,0.7597639560699463,0.651822566986084,0.24066099524497986
475,0.809465765953064,0.7076548933982849,0.19063664972782135,0.7555385828018188,0.6506223082542419,0.24495276808738708
476,0.8171037435531616,0.7198640704154968,0.18293827772140503,0.7625793814659119,0.6597537398338318,0.23802122473716736
477,0.8293778300285339,0.7310479879379272,0.17069950699806213,0.7638111710548401,0.6628211140632629,0.23678161203861237
478,0.8277238011360168,0.7322254776954651,0.1723867654800415,0.7669207453727722,0.6669453978538513,0.23368912935256958
479,0.8237607479095459,0.7242423892021179,0.1762833297252655,0.7440997958183289,0.6395704746246338,0.25658726692199707
480,0.8116376996040344,0.7122455835342407,0.1884273737668991,0.7577066421508789,0.6566793918609619,0.242832750082016
481,0.8151167035102844,0.7187449932098389,0.18478837609291077,0.7501022815704346,0.6495954394340515,0.2504202425479889
482,0.8292101621627808,0.7338381409645081,0.17071719467639923,0.7596107125282288,0.6580442786216736,0.24105308949947357
483,0.8231774568557739,0.7262924313545227,0.1768256276845932,0.7489878535270691,0.6429210305213928,0.25171157717704773
484,0.8248603343963623,0.7288028001785278,0.1750522404909134,0.7496678233146667,0.6427276134490967,0.2509520351886749
485,0.8272209763526917,0.7329087853431702,0.17252236604690552,0.7530698180198669,0.6498754024505615,0.24736690521240234
486,0.8307841420173645,0.7332788109779358,0.1687331348657608,0.7470623254776001,0.6422695517539978,0.2535139322280884
487,0.8427680730819702,0.7484487891197205,0.15719886124134064,0.7652562856674194,0.6638291478157043,0.23508071899414062
488,0.8295300006866455,0.7353081107139587,0.16988252103328705,0.7585016489028931,0.6550723910331726,0.2419348806142807
489,0.8346092700958252,0.7423595786094666,0.16479982435703278,0.7601982355117798,0.6574291586875916,0.2402336597442627
490,0.8415094614028931,0.7479709386825562,0.1584690809249878,0.7517723441123962,0.6480873227119446,0.24863065779209137
491,0.8291109204292297,0.7313200235366821,0.17093707621097565,0.7394254803657532,0.6325619220733643,0.26120638847351074
492,0.8305124044418335,0.7370673418045044,0.16943420469760895,0.7629132866859436,0.6607842445373535,0.23772026598453522
493,0.8407931327819824,0.7463676929473877,0.1592128872871399,0.7437691688537598,0.6358951926231384,0.2569549083709717
494,0.8129944205284119,0.7173088192939758,0.18703877925872803,0.7610071301460266,0.6598702669143677,0.23962947726249695
495,0.8235423564910889,0.7276237607002258,0.1758745312690735,0.7377037405967712,0.6326958537101746,0.26295724511146545
496,0.814153790473938,0.7151677012443542,0.18578550219535828,0.7517135143280029,0.644694983959198,0.24893856048583984
497,0.8305513262748718,0.7351571321487427,0.16953906416893005,0.7405732274055481,0.6334700584411621,0.2601293921470642
498,0.8308627009391785,0.7351850271224976,0.16922444105148315,0.7637004256248474,0.6579459309577942,0.23688799142837524
499,0.8348135352134705,0.7410117983818054,0.16526912152767181,0.7560709714889526,0.6493306159973145,0.24460433423519135
